time,open,high,low,close,volume
1782864000,1568.10,1569.90,1567.20,1569.40,0.00
1782864060,1569.50,1569.80,1568.60,1569.10,0.00
1782864120,1569.20,1570.00,1568.70,1568.70,0.00
1782864180,1568.90,1570.50,1568.60,1570.30,0.00
1782864240,1570.20,1570.80,1569.80,1570.80,0.00
1782864300,1571.20,1571.50,1570.90,1571.00,0.00
1782864360,1571.10,1571.20,1569.40,1569.50,0.00
1782864420,1569.40,1570.50,1569.40,1570.30,0.00
1782864480,1570.40,1570.50,1570.00,1570.20,0.00
1782864540,1570.10,1570.10,1568.30,1568.70,0.00
1782864600,1568.90,1570.50,1568.70,1570.50,0.00
1782864660,1570.40,1570.40,1569.50,1569.60,0.00
1782864720,1569.70,1569.80,1568.60,1568.70,0.00
1782864780,1568.80,1570.60,1568.70,1570.60,0.00
1782864840,1570.50,1570.70,1570.00,1570.20,0.00
1782864900,1570.40,1571.30,1569.30,1569.40,0.00
1782864960,1569.20,1569.60,1569.10,1569.40,0.00
1782865020,1569.30,1569.70,1568.70,1568.80,0.00
1782865080,1569.00,1569.00,1568.50,1568.50,0.00
1782865140,1568.40,1568.50,1566.40,1566.40,0.00
1782865200,1566.80,1567.60,1566.60,1567.10,0.00
1782865260,1567.20,1567.40,1564.80,1565.20,0.00
1782865320,1564.90,1565.00,1564.50,1565.00,0.00
1782865380,1565.20,1565.60,1564.20,1565.30,0.00
1782865440,1565.40,1565.40,1564.50,1564.70,0.00
1782865500,1564.80,1564.80,1563.30,1563.40,0.00
1782865560,1563.50,1563.70,1562.30,1562.30,0.00
1782865620,1562.40,1564.10,1562.40,1563.90,0.00
1782865680,1564.00,1565.00,1563.80,1565.00,0.00
1782865740,1565.10,1565.20,1564.60,1564.60,0.00
1782865800,1564.80,1567.00,1564.60,1566.70,0.00
1782865860,1567.00,1570.40,1567.00,1567.00,0.00
1782865920,1567.20,1568.40,1566.30,1567.80,0.00
1782865980,1568.00,1568.30,1567.10,1568.30,0.00
1782866040,1568.20,1568.20,1567.60,1568.10,0.00
1782866100,1568.20,1568.20,1566.70,1566.70,0.00
1782866160,1566.90,1567.50,1566.90,1567.30,0.00
1782866220,1567.20,1568.10,1567.20,1567.90,0.00
1782866280,1568.00,1569.00,1567.30,1567.30,0.00
1782866340,1567.50,1567.60,1566.80,1566.80,0.00
1782866400,1567.00,1567.50,1566.70,1567.30,0.00
1782866460,1567.20,1567.20,1566.70,1567.20,0.00
1782866520,1567.10,1567.60,1567.00,1567.20,0.00
1782866580,1567.10,1567.80,1567.10,1567.70,0.00
1782866640,1567.80,1568.00,1567.50,1567.90,0.00
1782866700,1567.80,1568.30,1567.60,1568.30,0.00
1782866760,1568.40,1569.30,1567.90,1568.30,0.00
1782866820,1568.40,1568.80,1568.40,1568.50,0.00
1782866880,1568.40,1569.00,1568.00,1568.90,0.00
1782866940,1568.80,1569.40,1568.30,1568.60,0.00
1782867000,1568.50,1569.00,1568.50,1568.90,0.00
1782867060,1568.80,1570.10,1568.80,1570.10,0.00
1782867120,1570.20,1572.60,1570.20,1572.50,0.00
1782867180,1572.30,1572.50,1571.20,1572.10,0.00
1782867240,1572.00,1572.00,1570.30,1570.40,0.00
1782867300,1570.60,1571.40,1570.60,1571.30,0.00
1782867360,1571.40,1571.60,1571.10,1571.10,0.00
1782867420,1571.20,1571.30,1571.00,1571.30,0.00
1782867480,1571.20,1571.20,1570.60,1570.70,0.00
1782867540,1570.60,1571.10,1570.60,1571.00,0.00
1782867600,1571.10,1571.40,1570.90,1570.90,0.00
1782867660,1570.60,1570.60,1569.90,1570.30,0.00
1782867720,1570.40,1570.60,1568.80,1569.00,0.00
1782867780,1568.90,1568.90,1568.50,1568.80,0.00
1782867840,1568.70,1568.70,1566.40,1566.60,0.00
1782867900,1566.40,1566.40,1563.60,1564.50,0.00
1782867960,1564.60,1565.60,1563.70,1563.70,0.00
1782868020,1563.80,1565.30,1563.40,1564.60,0.00
1782868080,1564.70,1565.10,1562.80,1563.30,0.00
1782868140,1563.50,1564.10,1563.30,1563.80,0.00
1782868200,1564.00,1564.00,1559.10,1559.20,0.00
1782868260,1559.10,1560.90,1558.20,1558.80,0.00
1782868320,1559.00,1560.50,1551.30,1551.30,0.00
1782868380,1552.30,1557.80,1549.30,1555.80,0.00
1782868440,1556.30,1560.70,1556.10,1559.70,0.00
1782868500,1559.80,1565.20,1559.80,1561.50,0.00
1782868560,1561.70,1561.70,1555.50,1556.00,0.00
1782868620,1555.70,1559.40,1555.70,1558.00,0.00
1782868680,1557.60,1561.60,1557.40,1560.90,0.00
1782868740,1561.00,1564.10,1560.30,1563.80,0.00
1782868800,1563.40,1564.00,1561.80,1563.50,0.00
1782868860,1563.60,1563.80,1562.30,1562.90,0.00
1782868920,1562.70,1568.30,1562.30,1566.90,0.00
1782868980,1566.80,1566.80,1565.00,1565.30,0.00
1782869040,1565.20,1565.90,1562.80,1563.90,0.00
1782869100,1564.10,1565.50,1563.60,1563.60,0.00
1782869160,1563.50,1565.70,1563.10,1565.60,0.00
1782869220,1565.50,1566.30,1564.60,1566.00,0.00
1782869280,1565.90,1567.60,1565.30,1566.30,0.00
1782869340,1566.80,1567.60,1565.80,1565.80,0.00
1782869400,1565.90,1569.40,1565.00,1568.30,0.00
1782869460,1568.20,1569.40,1566.80,1567.60,0.00
1782869520,1567.70,1570.20,1567.70,1569.90,0.00
1782869580,1569.60,1569.80,1567.40,1567.60,0.00
1782869640,1567.90,1568.70,1566.70,1568.00,0.00
1782869700,1568.10,1569.20,1567.60,1569.20,0.00
1782869760,1569.10,1569.30,1568.50,1568.80,0.00
1782869820,1569.00,1569.80,1568.50,1569.80,0.00
1782869880,1569.90,1576.30,1569.70,1575.30,0.00
1782869940,1574.90,1580.90,1574.50,1577.30,0.00
1782870000,1576.90,1578.50,1575.60,1578.50,0.00
1782870060,1578.60,1581.90,1577.00,1577.40,0.00
1782870120,1577.30,1577.30,1575.70,1577.20,0.00
1782870180,1577.00,1578.80,1576.60,1578.10,0.00
1782870240,1578.20,1578.50,1576.80,1577.30,0.00
1782870300,1577.20,1579.50,1576.00,1576.30,0.00
1782870360,1576.20,1577.00,1574.50,1574.80,0.00
1782870420,1574.70,1575.20,1573.90,1574.40,0.00
1782870480,1574.50,1574.70,1573.10,1573.50,0.00
1782870540,1573.60,1574.70,1573.10,1574.60,0.00
1782870600,1574.70,1574.70,1573.20,1573.20,0.00
1782870660,1573.50,1573.70,1572.70,1573.60,0.00
1782870720,1573.70,1574.90,1573.30,1574.90,0.00
1782870780,1574.50,1575.40,1574.30,1575.20,0.00
1782870840,1574.90,1575.70,1574.70,1575.70,0.00
1782870900,1575.60,1577.40,1575.60,1576.40,0.00
1782870960,1576.70,1577.10,1575.20,1575.70,0.00
1782871020,1575.60,1575.80,1573.70,1573.70,0.00
1782871080,1573.80,1574.10,1573.40,1573.80,0.00
1782871140,1574.10,1574.50,1573.80,1573.80,0.00
1782871200,1573.90,1574.50,1573.90,1574.40,0.00
1782871260,1574.30,1574.80,1573.30,1573.30,0.00
1782871320,1573.50,1575.40,1573.20,1575.20,0.00
1782871380,1575.30,1575.80,1574.40,1575.40,0.00
1782871440,1575.60,1576.00,1573.90,1573.90,0.00
1782871500,1573.60,1573.60,1572.00,1572.00,0.00
1782871560,1572.10,1572.10,1570.40,1571.10,0.00
1782871620,1571.20,1571.50,1570.80,1571.40,0.00
1782871680,1571.60,1571.60,1570.90,1571.20,0.00
1782871740,1571.10,1571.70,1571.00,1571.60,0.00
1782871800,1571.70,1573.30,1571.70,1572.80,0.00
1782871860,1572.70,1573.50,1572.50,1573.40,0.00
1782871920,1573.70,1575.30,1573.60,1575.30,0.00
1782871980,1575.20,1577.00,1574.70,1575.80,0.00
1782872040,1575.70,1575.90,1574.30,1574.90,0.00
1782872100,1575.00,1576.00,1574.10,1575.90,0.00
1782872160,1576.10,1577.20,1575.70,1576.60,0.00
1782872220,1576.50,1576.70,1575.60,1575.80,0.00
1782872280,1575.60,1576.60,1575.60,1575.90,0.00
1782872340,1576.00,1576.40,1575.50,1576.40,0.00
1782872400,1576.50,1576.80,1576.00,1576.50,0.00
1782872460,1576.40,1578.90,1576.40,1578.10,0.00
1782872520,1578.60,1580.00,1578.50,1579.70,0.00
1782872580,1579.60,1580.70,1578.50,1580.30,0.00
1782872640,1580.10,1580.30,1578.30,1578.50,0.00
1782872700,1578.40,1578.80,1577.80,1578.00,0.00
1782872760,1577.90,1579.40,1577.40,1579.20,0.00
1782872820,1579.10,1579.20,1577.80,1578.30,0.00
1782872880,1578.40,1579.80,1578.20,1579.10,0.00
1782872940,1579.00,1579.10,1578.00,1578.70,0.00
1782873000,1579.00,1579.70,1578.40,1579.30,0.00
1782873060,1579.60,1582.40,1578.20,1578.30,0.00
1782873120,1578.20,1580.20,1577.60,1579.00,0.00
1782873180,1579.10,1579.40,1578.10,1579.40,0.00
1782873240,1579.50,1580.30,1579.10,1580.30,0.00
1782873300,1580.20,1581.50,1579.90,1581.40,0.00
1782873360,1581.30,1581.40,1580.70,1580.90,0.00
1782873420,1580.70,1581.00,1580.10,1580.60,0.00
1782873480,1580.70,1584.00,1580.30,1583.60,0.00
1782873540,1583.70,1584.00,1582.80,1583.00,0.00
1782873600,1582.90,1583.00,1581.60,1581.60,0.00
1782873660,1581.70,1583.10,1581.70,1583.10,0.00
1782873720,1583.00,1584.30,1583.00,1584.30,0.00
1782873780,1584.10,1585.20,1584.00,1584.80,0.00
1782873840,1584.70,1585.20,1584.40,1584.70,0.00
1782873900,1584.80,1585.40,1584.40,1585.20,0.00
1782873960,1585.30,1585.30,1581.70,1581.70,0.00
1782874020,1581.90,1582.00,1580.00,1580.50,0.00
1782874080,1580.60,1582.70,1578.80,1581.40,0.00
1782874140,1581.50,1581.50,1580.60,1581.30,0.00
1782874200,1581.20,1581.70,1581.20,1581.70,0.00
1782874260,1581.80,1582.30,1581.20,1581.20,0.00
1782874320,1581.10,1581.10,1580.20,1580.80,0.00
1782874380,1580.90,1581.80,1580.90,1581.40,0.00
1782874440,1581.50,1583.50,1581.30,1583.50,0.00
1782874500,1583.70,1583.70,1582.40,1583.50,0.00
1782874560,1583.40,1583.40,1582.60,1583.20,0.00
1782874620,1583.30,1583.50,1582.90,1582.90,0.00
1782874680,1582.80,1582.80,1582.30,1582.60,0.00
1782874740,1582.40,1582.50,1582.00,1582.20,0.00
1782874800,1582.30,1582.50,1581.60,1582.10,0.00
1782874860,1582.20,1582.60,1580.40,1580.60,0.00
1782874920,1580.70,1581.40,1580.50,1580.70,0.00
1782874980,1580.80,1581.20,1580.60,1580.60,0.00
1782875040,1580.70,1580.80,1580.40,1580.70,0.00
1782875100,1580.80,1582.70,1580.70,1582.60,0.00
1782875160,1582.80,1584.40,1582.80,1584.40,0.00
1782875220,1584.60,1586.00,1584.60,1585.80,0.00
1782875280,1585.70,1585.80,1582.60,1582.80,0.00
1782875340,1582.70,1583.10,1582.20,1582.70,0.00
1782875400,1582.80,1582.90,1581.90,1582.80,0.00
1782875460,1582.90,1583.00,1581.90,1582.00,0.00
1782875520,1581.90,1582.60,1581.90,1582.30,0.00
1782875580,1582.20,1582.30,1581.80,1582.00,0.00
1782875640,1582.10,1582.10,1581.40,1581.50,0.00
1782875700,1581.60,1581.60,1581.10,1581.40,0.00
1782875760,1581.30,1581.50,1579.60,1580.80,0.00
1782875820,1580.30,1581.00,1579.70,1579.70,0.00
1782875880,1579.50,1580.80,1579.50,1579.80,0.00
1782875940,1579.90,1580.00,1579.40,1579.40,0.00
1782876000,1579.30,1579.40,1578.80,1578.90,0.00
1782876060,1579.00,1579.20,1578.90,1579.00,0.00
1782876120,1578.90,1579.40,1578.90,1579.20,0.00
1782876180,1579.40,1579.90,1579.00,1579.50,0.00
1782876240,1579.40,1579.40,1578.40,1578.90,0.00
1782876300,1579.00,1579.40,1578.90,1579.00,0.00
1782876360,1579.10,1579.30,1578.60,1578.70,0.00
1782876420,1578.60,1580.00,1578.60,1579.80,0.00
1782876480,1579.60,1580.70,1579.60,1580.50,0.00
1782876540,1580.60,1580.60,1579.80,1580.30,0.00
1782876600,1580.40,1580.90,1579.90,1580.80,0.00
1782876660,1580.70,1580.70,1579.30,1579.30,0.00
1782876720,1579.40,1579.40,1578.40,1579.00,0.00
1782876780,1579.10,1580.40,1579.00,1580.30,0.00
1782876840,1580.20,1580.20,1579.10,1579.70,0.00
1782876900,1579.80,1581.50,1579.80,1580.60,0.00
1782876960,1580.90,1588.80,1580.60,1587.90,0.00
1782877020,1587.70,1593.00,1587.70,1588.60,0.00
1782877080,1588.10,1588.20,1586.50,1587.00,0.00
1782877140,1587.10,1588.80,1586.60,1587.40,0.00
1782877200,1587.50,1588.10,1586.80,1586.80,0.00
1782877260,1586.90,1588.10,1586.10,1586.60,0.00
1782877320,1586.40,1586.40,1584.70,1585.00,0.00
1782877380,1584.90,1585.00,1584.60,1584.80,0.00
1782877440,1584.90,1585.80,1584.90,1585.20,0.00
1782877500,1585.30,1586.00,1584.80,1585.50,0.00
1782877560,1585.80,1587.20,1585.20,1587.20,0.00
1782877620,1587.50,1588.40,1586.40,1586.40,0.00
1782877680,1586.60,1587.10,1586.20,1586.90,0.00
1782877740,1587.00,1587.20,1586.70,1586.70,0.00
1782877800,1587.00,1588.50,1586.60,1588.40,0.00
1782877860,1588.30,1588.30,1587.70,1588.00,0.00
1782877920,1588.20,1591.50,1588.10,1590.90,0.00
1782877980,1591.20,1591.90,1590.30,1591.70,0.00
1782878040,1591.80,1594.80,1591.30,1593.60,0.00
1782878100,1593.40,1594.60,1592.10,1592.20,0.00
1782878160,1592.30,1592.30,1591.70,1592.00,0.00
1782878220,1592.10,1592.10,1590.80,1590.80,0.00
1782878280,1590.70,1590.90,1589.90,1590.50,0.00
1782878340,1590.40,1590.90,1590.40,1590.70,0.00
1782878400,1590.30,1590.70,1588.00,1588.00,0.00
1782878460,1587.90,1588.90,1587.60,1587.60,0.00
1782878520,1587.70,1588.30,1586.90,1586.90,0.00
1782878580,1586.80,1587.80,1586.80,1587.30,0.00
1782878640,1587.70,1588.80,1587.70,1588.60,0.00
1782878700,1588.70,1588.80,1588.50,1588.60,0.00
1782878760,1588.50,1589.30,1588.30,1589.00,0.00
1782878820,1588.70,1589.40,1588.00,1589.00,0.00
1782878880,1588.60,1588.90,1588.20,1588.20,0.00
1782878940,1588.10,1589.10,1588.10,1589.00,0.00
1782879000,1588.90,1589.40,1588.90,1588.90,0.00
1782879060,1589.00,1589.10,1588.40,1588.60,0.00
1782879120,1588.70,1589.50,1588.70,1589.00,0.00
1782879180,1588.90,1589.00,1588.10,1588.20,0.00
1782879240,1588.30,1588.50,1588.00,1588.00,0.00
1782879300,1587.90,1588.90,1587.80,1588.90,0.00
1782879360,1589.00,1589.30,1588.50,1589.30,0.00
1782879420,1589.40,1589.60,1587.80,1588.60,0.00
1782879480,1588.70,1588.90,1588.10,1588.90,0.00
1782879540,1588.80,1589.70,1588.80,1589.30,0.00
1782879600,1589.20,1589.50,1588.20,1589.50,0.00
1782879660,1589.30,1589.30,1588.90,1589.30,0.00
1782879720,1589.40,1590.80,1589.00,1590.20,0.00
1782879780,1590.30,1590.40,1589.70,1589.80,0.00
1782879840,1589.90,1590.10,1588.80,1588.90,0.00
1782879900,1589.00,1589.50,1588.70,1589.00,0.00
1782879960,1589.10,1589.80,1589.00,1589.80,0.00
1782880020,1589.90,1590.30,1589.50,1590.00,0.00
1782880080,1589.90,1590.40,1589.80,1589.90,0.00
1782880140,1590.00,1590.30,1589.90,1590.20,0.00
1782880200,1590.30,1590.30,1588.60,1590.20,0.00
1782880260,1590.30,1591.80,1589.80,1590.50,0.00
1782880320,1590.60,1591.20,1590.50,1590.80,0.00
1782880380,1590.70,1591.00,1590.10,1590.30,0.00
1782880440,1590.10,1590.80,1590.00,1590.20,0.00
1782880500,1590.10,1590.10,1589.10,1589.20,0.00
1782880560,1589.30,1589.30,1588.50,1589.30,0.00
1782880620,1589.10,1589.80,1588.90,1589.60,0.00
1782880680,1589.50,1591.90,1589.50,1590.60,0.00
1782880740,1590.50,1590.70,1589.80,1590.50,0.00
1782880800,1590.40,1591.20,1590.10,1591.20,0.00
1782880860,1591.30,1592.00,1591.30,1591.60,0.00
1782880920,1591.50,1593.30,1591.40,1592.90,0.00
1782880980,1593.00,1593.40,1592.20,1593.20,0.00
1782881040,1593.10,1593.60,1592.60,1593.30,0.00
1782881100,1593.40,1599.50,1593.00,1597.50,0.00
1782881160,1597.60,1599.40,1595.90,1596.70,0.00
1782881220,1596.60,1596.60,1595.40,1595.60,0.00
1782881280,1595.70,1597.50,1595.70,1597.30,0.00
1782881340,1597.40,1597.40,1596.60,1597.10,0.00
1782881400,1597.00,1597.70,1596.40,1596.50,0.00
1782881460,1596.60,1596.80,1596.00,1596.80,0.00
1782881520,1596.90,1596.90,1596.00,1596.40,0.00
1782881580,1596.30,1596.30,1594.60,1595.00,0.00
1782881640,1594.80,1596.30,1594.80,1596.30,0.00
1782881700,1596.20,1596.30,1595.90,1596.20,0.00
1782881760,1596.10,1596.50,1595.50,1596.40,0.00
1782881820,1596.50,1596.80,1595.90,1596.20,0.00
1782881880,1596.10,1596.10,1595.50,1595.50,0.00
1782881940,1595.40,1595.70,1595.10,1595.40,0.00
1782882000,1595.30,1595.50,1594.60,1594.90,0.00
1782882060,1595.00,1595.50,1594.50,1595.00,0.00
1782882120,1595.30,1595.70,1594.20,1594.40,0.00
1782882180,1594.50,1594.60,1593.90,1594.40,0.00
1782882240,1594.70,1595.00,1594.30,1594.60,0.00
1782882300,1594.80,1596.90,1594.80,1596.10,0.00
1782882360,1596.00,1596.40,1594.70,1594.70,0.00
1782882420,1594.60,1594.80,1594.00,1594.60,0.00
1782882480,1594.70,1595.50,1594.10,1594.40,0.00
1782882540,1594.30,1594.40,1591.90,1592.00,0.00
1782882600,1592.10,1592.60,1591.90,1592.60,0.00
1782882660,1592.70,1592.70,1591.80,1591.90,0.00
1782882720,1591.80,1592.60,1591.50,1592.60,0.00
1782882780,1592.50,1592.70,1591.40,1591.40,0.00
1782882840,1591.50,1592.20,1591.30,1591.80,0.00
1782882900,1592.10,1593.20,1592.00,1592.80,0.00
1782882960,1592.90,1593.90,1592.70,1593.60,0.00
1782883020,1593.70,1594.20,1593.20,1594.10,0.00
1782883080,1594.20,1594.20,1593.30,1593.30,0.00
1782883140,1593.40,1593.90,1593.40,1593.80,0.00
1782883200,1593.70,1593.80,1592.90,1592.90,0.00
1782883260,1592.70,1592.70,1590.30,1590.90,0.00
1782883320,1590.80,1591.10,1590.40,1590.60,0.00
1782883380,1590.70,1592.00,1590.60,1591.90,0.00
1782883440,1591.80,1591.90,1591.70,1591.80,0.00
1782883500,1591.50,1592.50,1590.60,1591.00,0.00
1782883560,1591.10,1591.10,1589.80,1590.00,0.00
1782883620,1590.10,1590.50,1590.10,1590.50,0.00
1782883680,1590.40,1590.50,1589.60,1590.10,0.00
1782883740,1590.00,1590.10,1589.20,1589.80,0.00
1782883800,1589.50,1590.00,1589.50,1590.00,0.00
1782883860,1589.90,1590.40,1589.40,1589.40,0.00
1782883920,1589.30,1590.20,1589.30,1589.50,0.00
1782883980,1589.40,1590.10,1587.90,1587.90,0.00
1782884040,1587.80,1589.30,1587.70,1589.20,0.00
1782884100,1589.10,1589.50,1588.60,1588.60,0.00
1782884160,1588.70,1588.90,1588.00,1588.50,0.00
1782884220,1588.30,1588.40,1587.70,1587.70,0.00
1782884280,1587.60,1588.40,1587.40,1588.40,0.00
1782884340,1588.30,1589.00,1588.20,1588.90,0.00
1782884400,1589.00,1589.60,1588.90,1589.60,0.00
1782884460,1589.30,1589.60,1588.80,1588.80,0.00
1782884520,1588.90,1589.00,1588.00,1588.10,0.00
1782884580,1588.20,1588.60,1588.10,1588.60,0.00
1782884640,1588.50,1589.20,1588.40,1589.20,0.00
1782884700,1589.30,1589.70,1589.10,1589.30,0.00
1782884760,1589.20,1589.30,1588.60,1589.00,0.00
1782884820,1588.90,1589.20,1588.20,1588.20,0.00
1782884880,1588.30,1589.00,1588.20,1589.00,0.00
1782884940,1588.90,1589.30,1587.80,1587.90,0.00
1782885000,1587.80,1589.30,1587.80,1589.30,0.00
1782885060,1589.20,1589.20,1588.80,1588.80,0.00
1782885120,1588.70,1588.70,1587.90,1587.90,0.00
1782885180,1588.00,1588.00,1587.30,1587.40,0.00
1782885240,1587.30,1587.80,1587.30,1587.70,0.00
1782885300,1587.60,1587.90,1587.60,1587.90,0.00
1782885360,1587.80,1588.40,1587.70,1587.90,0.00
1782885420,1587.70,1588.00,1587.70,1588.00,0.00
1782885480,1587.90,1588.20,1587.90,1588.10,0.00
1782885540,1588.20,1588.90,1588.10,1588.80,0.00
1782885600,1588.90,1589.20,1587.60,1589.00,0.00
1782885660,1588.90,1588.90,1586.40,1586.40,0.00
1782885720,1586.30,1586.90,1585.60,1586.60,0.00
1782885780,1586.70,1586.70,1585.10,1585.30,0.00
1782885840,1585.40,1585.60,1584.70,1584.80,0.00
1782885900,1585.10,1585.70,1584.80,1584.80,0.00
1782885960,1585.00,1585.40,1584.70,1585.20,0.00
1782886020,1585.00,1585.00,1583.60,1583.90,0.00
1782886080,1583.80,1584.00,1583.10,1583.20,0.00
1782886140,1583.10,1583.10,1581.30,1581.60,0.00
1782886200,1581.50,1583.00,1581.40,1582.60,0.00
1782886260,1582.80,1583.10,1582.50,1583.10,0.00
1782886320,1583.00,1583.10,1582.30,1583.10,0.00
1782886380,1583.00,1583.00,1582.50,1582.50,0.00
1782886440,1582.60,1583.30,1582.50,1583.20,0.00
1782886500,1583.10,1583.60,1581.50,1582.50,0.00
1782886560,1582.40,1583.90,1582.40,1583.50,0.00
1782886620,1583.10,1583.20,1582.50,1582.70,0.00
1782886680,1582.60,1583.10,1581.80,1582.00,0.00
1782886740,1581.90,1582.30,1581.60,1581.70,0.00
1782886800,1581.80,1581.80,1579.70,1579.90,0.00
1782886860,1580.00,1580.60,1576.40,1576.40,0.00
1782886920,1576.00,1577.30,1575.20,1575.20,0.00
1782886980,1575.30,1575.90,1574.10,1575.70,0.00
1782887040,1575.50,1576.40,1574.70,1576.40,0.00
1782887100,1576.50,1576.60,1574.70,1576.40,0.00
1782887160,1576.30,1577.60,1575.60,1577.50,0.00
1782887220,1577.60,1577.70,1575.80,1575.80,0.00
1782887280,1575.60,1577.20,1575.60,1577.00,0.00
1782887340,1576.80,1577.00,1576.60,1576.90,0.00
1782887400,1576.80,1576.90,1576.00,1576.80,0.00
1782887460,1576.70,1577.70,1576.40,1576.70,0.00
1782887520,1576.90,1577.90,1576.90,1577.40,0.00
1782887580,1577.50,1577.50,1575.00,1575.30,0.00
1782887640,1575.40,1576.50,1572.50,1572.60,0.00
1782887700,1573.00,1573.00,1570.90,1572.60,0.00
1782887760,1572.70,1572.80,1571.00,1571.10,0.00
1782887820,1571.00,1571.00,1569.30,1569.80,0.00
1782887880,1570.00,1570.20,1567.60,1569.30,0.00
1782887940,1569.50,1570.80,1569.20,1569.60,0.00
1782888000,1569.80,1570.70,1569.80,1570.30,0.00
1782888060,1570.20,1570.50,1569.50,1570.00,0.00
1782888120,1570.30,1571.60,1570.20,1571.60,0.00
1782888180,1571.80,1572.40,1571.50,1571.90,0.00
1782888240,1572.00,1573.60,1571.80,1573.30,0.00
1782888300,1573.40,1573.40,1571.70,1572.60,0.00
1782888360,1572.10,1572.10,1569.70,1570.60,0.00
1782888420,1570.80,1571.20,1569.40,1570.50,0.00
1782888480,1570.60,1570.90,1570.60,1570.90,0.00
1782888540,1571.10,1572.00,1570.70,1571.80,0.00
1782888600,1572.20,1573.10,1572.10,1572.70,0.00
1782888660,1572.80,1573.60,1572.70,1573.40,0.00
1782888720,1573.50,1573.90,1573.20,1573.70,0.00
1782888780,1573.80,1573.90,1572.40,1572.70,0.00
1782888840,1572.60,1572.60,1572.20,1572.20,0.00
1782888900,1572.30,1572.80,1572.20,1572.50,0.00
1782888960,1572.80,1572.90,1571.40,1572.80,0.00
1782889020,1572.70,1572.90,1572.10,1572.30,0.00
1782889080,1572.10,1572.20,1571.60,1571.90,0.00
1782889140,1571.80,1572.30,1571.20,1572.30,0.00
1782889200,1571.10,1573.30,1570.90,1572.00,0.00
1782889260,1572.10,1572.60,1571.10,1571.10,0.00
1782889320,1571.20,1572.90,1571.10,1572.80,0.00
1782889380,1572.30,1572.30,1569.90,1570.60,0.00
1782889440,1570.70,1571.00,1569.30,1570.80,0.00
1782889500,1570.90,1571.10,1569.90,1570.90,0.00
1782889560,1571.00,1571.10,1569.70,1569.90,0.00
1782889620,1569.80,1570.40,1569.20,1569.20,0.00
1782889680,1569.10,1570.60,1568.60,1570.60,0.00
1782889740,1570.50,1571.00,1570.50,1570.90,0.00
1782889800,1570.80,1570.80,1569.50,1570.60,0.00
1782889860,1570.50,1570.80,1570.40,1570.80,0.00
1782889920,1571.20,1572.70,1571.00,1572.20,0.00
1782889980,1572.00,1572.00,1570.80,1571.10,0.00
1782890040,1571.20,1571.90,1570.70,1571.70,0.00
1782890100,1571.80,1572.00,1571.00,1571.20,0.00
1782890160,1571.10,1572.50,1570.80,1572.50,0.00
1782890220,1572.60,1573.10,1571.20,1571.20,0.00
1782890280,1571.10,1571.40,1569.80,1571.10,0.00
1782890340,1571.20,1571.50,1570.90,1571.20,0.00
1782890400,1571.40,1571.50,1570.10,1570.10,0.00
1782890460,1570.30,1572.70,1570.00,1572.70,0.00
1782890520,1572.80,1574.00,1572.80,1573.90,0.00
1782890580,1573.80,1575.40,1573.40,1575.40,0.00
1782890640,1575.50,1575.90,1574.60,1575.50,0.00
1782890700,1575.40,1576.10,1575.20,1575.70,0.00
1782890760,1575.60,1575.70,1574.80,1575.20,0.00
1782890820,1575.30,1575.50,1574.90,1575.00,0.00
1782890880,1574.90,1575.20,1573.90,1573.90,0.00
1782890940,1573.70,1574.20,1573.60,1573.60,0.00
1782891000,1573.40,1573.40,1571.10,1571.50,0.00
1782891060,1571.70,1573.40,1571.70,1572.60,0.00
1782891120,1572.70,1573.00,1571.80,1572.00,0.00
1782891180,1571.90,1573.00,1571.90,1572.90,0.00
1782891240,1573.00,1574.40,1572.90,1574.40,0.00
1782891300,1574.30,1574.50,1573.00,1573.00,0.00
1782891360,1573.10,1574.60,1573.10,1574.50,0.00
1782891420,1574.60,1575.10,1574.40,1574.70,0.00
1782891480,1574.80,1575.40,1574.40,1574.50,0.00
1782891540,1574.40,1574.50,1574.10,1574.10,0.00
1782891600,1574.20,1574.40,1573.60,1573.90,0.00
1782891660,1574.00,1575.20,1573.90,1574.90,0.00
1782891720,1574.80,1575.60,1574.20,1574.20,0.00
1782891780,1574.10,1574.60,1573.90,1573.90,0.00
1782891840,1574.00,1574.30,1573.60,1573.90,0.00
1782891900,1573.80,1574.00,1572.80,1574.00,0.00
1782891960,1573.80,1574.20,1573.20,1574.20,0.00
1782892020,1573.90,1574.80,1573.90,1574.80,0.00
1782892080,1574.90,1575.60,1574.80,1575.40,0.00
1782892140,1575.50,1576.30,1575.00,1576.20,0.00
1782892200,1576.40,1577.40,1575.10,1575.40,0.00
1782892260,1575.30,1575.40,1574.60,1574.70,0.00
1782892320,1574.80,1575.20,1574.70,1575.00,0.00
1782892380,1574.90,1575.20,1574.90,1575.10,0.00
1782892440,1575.00,1575.20,1574.90,1574.90,0.00
1782892500,1574.80,1575.00,1574.50,1574.50,0.00
1782892560,1574.70,1575.20,1574.70,1575.10,0.00
1782892620,1575.00,1575.50,1574.80,1575.30,0.00
1782892680,1575.40,1575.40,1574.20,1574.50,0.00
1782892740,1574.40,1574.60,1574.30,1574.60,0.00
1782892800,1574.50,1574.50,1573.40,1573.70,0.00
1782892860,1573.50,1573.60,1571.70,1571.70,0.00
1782892920,1571.80,1572.40,1570.40,1572.20,0.00
1782892980,1572.50,1573.90,1572.20,1572.30,0.00
1782893040,1572.20,1574.30,1572.20,1572.90,0.00
1782893100,1572.80,1574.10,1572.50,1574.00,0.00
1782893160,1573.90,1574.60,1573.80,1574.50,0.00
1782893220,1574.40,1575.10,1573.80,1573.90,0.00
1782893280,1574.10,1574.60,1573.90,1573.90,0.00
1782893340,1573.60,1573.70,1572.60,1572.60,0.00
1782893400,1572.40,1573.30,1572.30,1572.60,0.00
1782893460,1572.80,1573.00,1571.70,1571.70,0.00
1782893520,1571.60,1573.00,1571.60,1572.90,0.00
1782893580,1572.80,1572.90,1572.70,1572.70,0.00
1782893640,1572.60,1572.70,1571.70,1571.70,0.00
1782893700,1571.60,1572.20,1571.20,1571.90,0.00
1782893760,1571.80,1571.90,1571.60,1571.60,0.00
1782893820,1571.50,1571.50,1570.80,1571.20,0.00
1782893880,1571.10,1571.60,1570.80,1571.40,0.00
1782893940,1571.60,1571.70,1571.00,1571.10,0.00
1782894000,1571.00,1571.00,1570.00,1571.00,0.00
1782894060,1570.90,1571.30,1569.80,1569.80,0.00
1782894120,1569.50,1569.90,1568.40,1568.40,0.00
1782894180,1568.70,1569.40,1567.40,1568.30,0.00
1782894240,1568.40,1568.70,1567.80,1567.80,0.00
1782894300,1567.90,1569.60,1567.90,1569.00,0.00
1782894360,1568.90,1570.40,1568.90,1570.30,0.00
1782894420,1570.20,1570.70,1569.70,1570.00,0.00
1782894480,1569.90,1569.90,1568.60,1568.90,0.00
1782894540,1568.80,1568.90,1568.10,1568.10,0.00
1782894600,1568.20,1570.10,1568.00,1568.20,0.00
1782894660,1568.40,1569.30,1568.30,1568.90,0.00
1782894720,1568.80,1569.10,1568.30,1568.40,0.00
1782894780,1568.50,1568.50,1564.70,1564.90,0.00
1782894840,1564.70,1568.40,1564.70,1567.80,0.00
1782894900,1567.70,1567.70,1566.80,1567.60,0.00
1782894960,1567.50,1568.50,1566.50,1568.00,0.00
1782895020,1568.20,1568.20,1567.60,1567.60,0.00
1782895080,1567.50,1569.40,1567.20,1569.40,0.00
1782895140,1569.30,1569.40,1568.30,1568.30,0.00
1782895200,1568.40,1569.10,1568.10,1568.80,0.00
1782895260,1568.90,1569.30,1568.90,1568.90,0.00
1782895320,1569.00,1571.00,1568.80,1570.90,0.00
1782895380,1570.80,1571.80,1570.30,1571.40,0.00
1782895440,1571.50,1572.30,1571.40,1572.10,0.00
1782895500,1572.00,1572.40,1571.60,1571.90,0.00
1782895560,1572.00,1572.40,1571.60,1572.20,0.00
1782895620,1572.00,1572.10,1571.30,1571.30,0.00
1782895680,1571.50,1571.50,1570.80,1570.80,0.00
1782895740,1571.00,1571.10,1570.30,1570.70,0.00
1782895800,1570.60,1571.00,1570.30,1570.90,0.00
1782895860,1570.80,1572.20,1570.80,1572.20,0.00
1782895920,1572.40,1572.90,1572.30,1572.60,0.00
1782895980,1572.50,1572.70,1572.30,1572.40,0.00
1782896040,1572.50,1573.70,1572.40,1573.60,0.00
1782896100,1573.40,1574.00,1573.10,1573.70,0.00
1782896160,1573.50,1573.80,1573.50,1573.70,0.00
1782896220,1574.00,1576.10,1573.80,1576.00,0.00
1782896280,1576.10,1577.60,1576.10,1577.10,0.00
1782896340,1577.20,1578.60,1577.00,1578.60,0.00
1782896400,1578.70,1579.10,1575.40,1576.00,0.00
1782896460,1575.90,1576.70,1575.70,1576.40,0.00
1782896520,1576.50,1578.60,1576.50,1576.60,0.00
1782896580,1576.40,1576.80,1576.30,1576.80,0.00
1782896640,1576.90,1578.10,1576.80,1577.30,0.00
1782896700,1577.20,1578.60,1577.20,1578.40,0.00
1782896760,1578.20,1580.30,1577.80,1579.90,0.00
1782896820,1579.80,1581.50,1578.80,1580.20,0.00
1782896880,1580.30,1580.50,1579.20,1579.20,0.00
1782896940,1579.00,1579.40,1578.40,1579.10,0.00
1782897000,1579.20,1579.40,1578.40,1578.40,0.00
1782897060,1578.50,1578.60,1578.20,1578.30,0.00
1782897120,1578.20,1578.60,1578.20,1578.40,0.00
1782897180,1578.30,1578.30,1577.40,1577.50,0.00
1782897240,1577.40,1577.50,1576.80,1576.90,0.00
1782897300,1577.00,1578.40,1576.60,1578.00,0.00
1782897360,1577.90,1578.00,1577.50,1578.00,0.00
1782897420,1578.20,1578.60,1578.20,1578.60,0.00
1782897480,1578.50,1578.50,1576.90,1577.80,0.00
1782897540,1577.70,1577.70,1576.90,1577.40,0.00
1782897600,1577.30,1577.30,1576.20,1576.80,0.00
1782897660,1576.70,1577.30,1576.00,1576.80,0.00
1782897720,1576.90,1577.00,1576.70,1576.80,0.00
1782897780,1576.70,1577.40,1576.70,1577.30,0.00
1782897840,1577.40,1577.40,1576.50,1576.50,0.00
1782897900,1576.40,1576.60,1576.00,1576.30,0.00
1782897960,1576.60,1576.60,1576.20,1576.30,0.00
1782898020,1576.40,1576.60,1576.00,1576.00,0.00
1782898080,1576.10,1576.10,1576.00,1576.00,0.00
1782898140,1575.90,1576.50,1575.90,1576.50,0.00
1782898200,1576.70,1576.80,1575.70,1575.90,0.00
1782898260,1576.00,1576.90,1576.00,1576.90,0.00
1782898320,1577.00,1577.60,1577.00,1577.00,0.00
1782898380,1576.90,1577.90,1576.90,1577.80,0.00
1782898440,1578.00,1578.00,1577.40,1577.40,0.00
1782898500,1577.50,1577.50,1577.10,1577.40,0.00
1782898560,1577.30,1577.70,1577.00,1577.10,0.00
1782898620,1577.20,1577.70,1576.70,1577.70,0.00
1782898680,1577.60,1577.60,1576.50,1576.80,0.00
1782898740,1576.70,1576.80,1576.40,1576.70,0.00
1782898800,1576.90,1577.40,1576.60,1576.80,0.00
1782898860,1577.00,1577.90,1576.60,1577.40,0.00
1782898920,1577.50,1577.80,1577.50,1577.60,0.00
1782898980,1577.50,1577.90,1577.20,1577.70,0.00
1782899040,1577.60,1577.80,1577.50,1577.80,0.00
1782899100,1577.90,1579.50,1577.80,1578.90,0.00
1782899160,1578.60,1579.40,1576.50,1576.50,0.00
1782899220,1576.60,1577.40,1576.50,1576.80,0.00
1782899280,1576.90,1577.30,1576.40,1576.80,0.00
1782899340,1576.60,1576.90,1575.70,1575.70,0.00
1782899400,1575.80,1575.80,1575.00,1575.40,0.00
1782899460,1575.60,1576.50,1575.60,1576.20,0.00
1782899520,1576.10,1577.30,1576.00,1577.10,0.00
1782899580,1577.20,1577.40,1576.70,1576.90,0.00
1782899640,1576.80,1577.70,1576.80,1577.50,0.00
1782899700,1577.40,1578.70,1577.40,1578.30,0.00
1782899760,1578.20,1578.20,1577.40,1577.50,0.00
1782899820,1577.60,1578.00,1577.60,1577.80,0.00
1782899880,1577.70,1577.80,1577.40,1577.50,0.00
1782899940,1577.40,1578.00,1577.30,1577.40,0.00
1782900000,1577.50,1577.50,1575.30,1575.40,0.00
1782900060,1575.50,1576.10,1575.30,1576.10,0.00
1782900120,1576.00,1576.30,1575.80,1575.80,0.00
1782900180,1575.70,1577.00,1575.70,1577.00,0.00
1782900240,1577.20,1578.00,1576.90,1577.10,0.00
1782900300,1576.70,1577.30,1576.60,1577.10,0.00
1782900360,1577.00,1577.00,1576.30,1576.60,0.00
1782900420,1576.50,1576.60,1575.80,1576.40,0.00
1782900480,1576.50,1577.00,1576.30,1576.70,0.00
1782900540,1576.60,1576.70,1576.20,1576.30,0.00
1782900600,1576.20,1576.30,1573.50,1574.00,0.00
1782900660,1573.90,1574.20,1572.50,1572.90,0.00
1782900720,1572.80,1573.20,1572.40,1572.40,0.00
1782900780,1572.50,1572.60,1571.80,1572.60,0.00
1782900840,1572.50,1572.50,1570.80,1571.20,0.00
1782900900,1571.70,1572.10,1570.50,1571.80,0.00
1782900960,1571.70,1572.20,1571.00,1572.20,0.00
1782901020,1572.00,1572.90,1572.00,1572.80,0.00
1782901080,1572.70,1572.70,1571.00,1572.00,0.00
1782901140,1572.10,1572.40,1571.90,1572.40,0.00
1782901200,1572.50,1572.90,1572.50,1572.70,0.00
1782901260,1572.80,1573.10,1572.80,1573.00,0.00
1782901320,1573.10,1573.40,1573.00,1573.30,0.00
1782901380,1573.20,1573.20,1572.20,1572.30,0.00
1782901440,1572.40,1572.90,1572.10,1572.10,0.00
1782901500,1572.20,1572.20,1569.30,1570.00,0.00
1782901560,1570.30,1570.70,1569.80,1570.50,0.00
1782901620,1570.40,1571.60,1570.10,1571.50,0.00
1782901680,1571.40,1571.80,1571.40,1571.60,0.00
1782901740,1571.70,1572.00,1571.50,1571.90,0.00
1782901800,1571.80,1572.20,1571.70,1571.70,0.00
1782901860,1571.60,1571.90,1571.20,1571.30,0.00
1782901920,1571.40,1572.10,1571.20,1571.70,0.00
1782901980,1571.80,1572.30,1571.70,1572.30,0.00
1782902040,1572.20,1572.30,1570.50,1570.90,0.00
1782902100,1570.80,1571.30,1569.90,1570.30,0.00
1782902160,1570.40,1570.50,1569.90,1570.50,0.00
1782902220,1570.40,1571.70,1570.30,1571.40,0.00
1782902280,1571.30,1571.70,1570.90,1570.90,0.00
1782902340,1571.00,1571.20,1570.70,1570.70,0.00
1782902400,1570.50,1571.10,1570.10,1571.00,0.00
1782902460,1571.10,1571.20,1570.40,1570.60,0.00
1782902520,1570.50,1570.50,1569.80,1570.00,0.00
1782902580,1570.10,1570.10,1567.80,1569.10,0.00
1782902640,1569.20,1569.30,1568.40,1568.60,0.00
1782902700,1568.50,1570.10,1568.50,1570.10,0.00
1782902760,1569.80,1570.10,1569.50,1570.00,0.00
1782902820,1569.90,1570.60,1569.90,1570.60,0.00
1782902880,1570.50,1570.80,1570.10,1570.50,0.00
1782902940,1570.60,1571.00,1570.60,1570.80,0.00
1782903000,1570.70,1570.80,1570.60,1570.70,0.00
1782903060,1570.80,1570.90,1570.10,1570.60,0.00
1782903120,1570.40,1571.10,1570.20,1570.80,0.00
1782903180,1570.60,1571.20,1570.30,1570.70,0.00
1782903240,1570.80,1570.80,1570.20,1570.50,0.00
1782903300,1570.40,1570.60,1569.60,1570.30,0.00
1782903360,1570.40,1571.00,1570.40,1571.00,0.00
1782903420,1571.10,1571.10,1570.70,1571.00,0.00
1782903480,1570.90,1570.90,1570.30,1570.50,0.00
1782903540,1570.00,1570.10,1569.60,1569.70,0.00
1782903600,1569.80,1570.00,1568.00,1569.00,0.00
1782903660,1569.10,1569.60,1567.10,1568.10,0.00
1782903720,1568.20,1569.10,1567.50,1569.00,0.00
1782903780,1569.10,1570.80,1568.90,1569.10,0.00
1782903840,1568.60,1569.70,1568.50,1569.60,0.00
1782903900,1569.50,1570.40,1569.30,1569.40,0.00
1782903960,1569.30,1570.10,1569.30,1569.50,0.00
1782904020,1569.60,1570.50,1569.50,1570.50,0.00
1782904080,1570.60,1571.40,1569.40,1569.70,0.00
1782904140,1569.60,1569.90,1569.30,1569.50,0.00
1782904200,1569.40,1570.40,1569.30,1570.40,0.00
1782904260,1570.30,1572.20,1570.30,1570.90,0.00
1782904320,1571.10,1571.90,1570.80,1571.10,0.00
1782904380,1571.20,1571.40,1570.80,1571.20,0.00
1782904440,1571.10,1571.60,1570.90,1571.00,0.00
1782904500,1571.10,1571.30,1570.70,1570.90,0.00
1782904560,1570.80,1570.80,1569.80,1570.00,0.00
1782904620,1570.10,1570.60,1569.40,1570.40,0.00
1782904680,1570.30,1572.20,1569.90,1572.00,0.00
1782904740,1571.80,1572.30,1570.60,1570.60,0.00
1782904800,1570.50,1570.70,1570.20,1570.20,0.00
1782904860,1570.30,1570.60,1570.10,1570.50,0.00
1782904920,1570.70,1570.80,1570.20,1570.20,0.00
1782904980,1570.10,1570.50,1569.10,1569.20,0.00
1782905040,1569.10,1570.30,1569.10,1570.10,0.00
1782905100,1570.00,1570.70,1569.50,1570.60,0.00
1782905160,1570.50,1570.90,1569.70,1569.70,0.00
1782905220,1569.60,1570.00,1569.60,1569.60,0.00
1782905280,1569.50,1569.70,1569.10,1569.10,0.00
1782905340,1569.00,1569.80,1568.90,1569.20,0.00
1782905400,1568.90,1569.80,1568.70,1569.60,0.00
1782905460,1569.50,1570.00,1569.10,1569.60,0.00
1782905520,1569.50,1569.70,1568.40,1568.60,0.00
1782905580,1568.70,1569.20,1567.80,1567.90,0.00
1782905640,1567.50,1567.90,1567.00,1567.60,0.00
1782905700,1567.70,1569.20,1567.70,1569.00,0.00
1782905760,1569.30,1569.80,1568.80,1569.70,0.00
1782905820,1569.80,1569.80,1569.20,1569.70,0.00
1782905880,1569.50,1570.20,1569.20,1569.70,0.00
1782905940,1569.60,1569.60,1568.20,1568.90,0.00
1782906000,1568.70,1569.10,1568.20,1568.80,0.00
1782906060,1568.90,1569.20,1567.80,1567.80,0.00
1782906120,1567.70,1569.30,1567.30,1569.00,0.00
1782906180,1568.90,1569.30,1568.20,1569.20,0.00
1782906240,1569.30,1569.60,1569.10,1569.60,0.00
1782906300,1569.80,1570.20,1569.50,1569.90,0.00
1782906360,1569.80,1570.30,1569.60,1570.30,0.00
1782906420,1570.40,1570.40,1569.20,1569.20,0.00
1782906480,1569.10,1569.50,1568.10,1568.40,0.00
1782906540,1568.50,1568.60,1568.00,1568.30,0.00
1782906600,1568.00,1568.20,1568.00,1568.10,0.00
1782906660,1568.00,1568.40,1567.60,1567.70,0.00
1782906720,1567.90,1568.40,1567.50,1568.10,0.00
1782906780,1568.30,1568.30,1567.30,1567.50,0.00
1782906840,1567.60,1567.80,1566.60,1566.60,0.00
1782906900,1566.80,1566.90,1566.10,1566.10,0.00
1782906960,1565.70,1565.70,1563.60,1565.10,0.00
1782907020,1565.00,1566.00,1564.30,1565.90,0.00
1782907080,1566.00,1566.60,1565.80,1566.30,0.00
1782907140,1566.20,1566.50,1566.20,1566.20,0.00
1782907200,1564.70,1568.90,1564.70,1567.10,0.00
1782907260,1567.00,1567.40,1566.30,1566.40,0.00
1782907320,1566.30,1566.80,1565.10,1565.10,0.00
1782907380,1565.00,1565.40,1564.60,1564.90,0.00
1782907440,1564.80,1564.80,1564.00,1564.30,0.00
1782907500,1564.20,1565.20,1564.10,1565.20,0.00
1782907560,1565.10,1565.20,1564.80,1565.00,0.00
1782907620,1564.90,1565.00,1562.90,1563.30,0.00
1782907680,1563.20,1564.40,1563.20,1564.20,0.00
1782907740,1564.30,1566.10,1564.10,1565.60,0.00
1782907800,1565.50,1567.60,1565.50,1566.30,0.00
1782907860,1566.20,1566.50,1563.50,1563.50,0.00
1782907920,1563.10,1564.60,1563.10,1563.90,0.00
1782907980,1563.70,1564.50,1563.70,1564.50,0.00
1782908040,1564.60,1564.70,1563.40,1564.60,0.00
1782908100,1564.70,1567.60,1564.60,1567.10,0.00
1782908160,1567.40,1567.50,1566.70,1567.20,0.00
1782908220,1567.30,1567.30,1565.40,1566.20,0.00
1782908280,1565.90,1566.30,1565.40,1566.30,0.00
1782908340,1566.40,1567.00,1566.20,1566.80,0.00
1782908400,1566.70,1566.70,1565.90,1566.30,0.00
1782908460,1566.20,1566.50,1566.20,1566.20,0.00
1782908520,1566.30,1566.30,1565.60,1566.10,0.00
1782908580,1566.30,1566.80,1566.10,1566.40,0.00
1782908640,1566.30,1567.70,1565.90,1567.60,0.00
1782908700,1567.50,1567.50,1566.70,1566.70,0.00
1782908760,1566.60,1567.50,1566.50,1567.20,0.00
1782908820,1567.60,1568.20,1567.50,1568.10,0.00
1782908880,1568.40,1568.50,1567.60,1567.80,0.00
1782908940,1567.70,1567.70,1566.80,1566.80,0.00
1782909000,1566.70,1566.70,1564.50,1564.80,0.00
1782909060,1564.90,1566.60,1564.90,1566.50,0.00
1782909120,1566.30,1566.30,1564.90,1565.70,0.00
1782909180,1565.80,1568.00,1565.40,1567.90,0.00
1782909240,1567.80,1567.80,1563.20,1563.80,0.00
1782909300,1563.70,1565.00,1563.10,1564.40,0.00
1782909360,1564.60,1564.80,1563.60,1563.90,0.00
1782909420,1563.60,1564.40,1563.40,1563.40,0.00
1782909480,1563.50,1564.80,1563.40,1564.30,0.00
1782909540,1564.20,1564.30,1563.60,1563.90,0.00
1782909600,1564.00,1564.10,1563.00,1563.70,0.00
1782909660,1563.90,1565.20,1563.90,1565.20,0.00
1782909720,1565.10,1565.20,1563.00,1563.10,0.00
1782909780,1563.30,1563.80,1562.80,1563.70,0.00
1782909840,1563.60,1564.20,1563.50,1564.10,0.00
1782909900,1564.30,1564.40,1563.80,1564.10,0.00
1782909960,1564.20,1564.40,1563.80,1564.30,0.00
1782910020,1564.20,1564.40,1563.80,1563.90,0.00
1782910080,1564.00,1564.00,1562.00,1562.80,0.00
1782910140,1562.90,1563.90,1562.30,1563.60,0.00
1782910200,1563.80,1565.60,1563.60,1565.10,0.00
1782910260,1565.20,1565.20,1563.20,1564.70,0.00
1782910320,1564.60,1564.60,1563.10,1563.70,0.00
1782910380,1563.90,1564.30,1562.20,1562.20,0.00
1782910440,1562.30,1564.30,1562.30,1564.30,0.00
1782910500,1564.50,1565.90,1564.40,1565.60,0.00
1782910560,1565.20,1566.00,1565.00,1565.60,0.00
1782910620,1565.50,1566.20,1565.30,1566.00,0.00
1782910680,1565.90,1566.00,1564.90,1565.50,0.00
1782910740,1565.60,1566.80,1565.60,1566.60,0.00
1782910800,1566.70,1568.80,1566.60,1568.20,0.00
1782910860,1568.30,1570.80,1567.50,1570.70,0.00
1782910920,1570.60,1571.80,1569.90,1571.30,0.00
1782910980,1571.50,1571.80,1568.80,1569.30,0.00
1782911040,1569.10,1570.10,1568.60,1568.80,0.00
1782911100,1568.70,1569.30,1568.70,1569.20,0.00
1782911160,1569.10,1569.30,1568.50,1568.50,0.00
1782911220,1568.40,1568.40,1567.30,1567.60,0.00
1782911280,1567.50,1568.00,1567.30,1567.30,0.00
1782911340,1567.70,1568.20,1567.60,1567.90,0.00
1782911400,1568.00,1569.00,1567.90,1569.00,0.00
1782911460,1568.90,1570.00,1568.60,1570.00,0.00
1782911520,1569.90,1570.40,1569.60,1569.90,0.00
1782911580,1569.70,1570.30,1569.30,1570.00,0.00
1782911640,1569.90,1570.00,1569.50,1569.80,0.00
1782911700,1570.10,1571.00,1570.00,1570.20,0.00
1782911760,1570.30,1570.60,1569.80,1570.20,0.00
1782911820,1570.00,1572.70,1570.00,1572.00,0.00
1782911880,1571.90,1572.40,1571.30,1571.30,0.00
1782911940,1571.20,1571.20,1569.00,1569.20,0.00
1782912000,1569.30,1570.40,1569.20,1570.40,0.00
1782912060,1570.60,1573.60,1570.30,1573.40,0.00
1782912120,1573.30,1574.40,1572.70,1574.40,0.00
1782912180,1574.20,1575.40,1574.00,1574.10,0.00
1782912240,1574.00,1574.10,1573.50,1573.50,0.00
1782912300,1573.10,1573.10,1571.40,1571.60,0.00
1782912360,1571.50,1572.80,1571.50,1572.80,0.00
1782912420,1573.00,1573.70,1572.70,1573.70,0.00
1782912480,1574.10,1574.10,1573.30,1573.70,0.00
1782912540,1573.60,1574.50,1572.90,1573.10,0.01
1782912600,1572.90,1575.70,1565.10,1569.40,0.07
1782912660,1570.00,1571.60,1568.10,1571.50,0.06
1782912720,1571.60,1575.20,1571.60,1572.90,0.00
1782912780,1572.50,1572.50,1569.30,1570.60,0.00
1782912840,1570.80,1573.40,1570.40,1573.10,0.00
1782912900,1573.20,1574.40,1571.50,1572.40,0.00
1782912960,1572.30,1574.00,1571.50,1572.80,0.00
1782913020,1572.90,1578.00,1572.90,1574.70,0.00
1782913080,1574.80,1576.00,1573.30,1575.90,0.00
1782913140,1574.30,1576.50,1574.10,1574.80,0.00
1782913200,1574.60,1578.20,1573.60,1578.00,0.00
1782913260,1578.10,1579.30,1576.70,1577.30,0.00
1782913320,1577.90,1577.90,1576.40,1577.30,0.00
1782913380,1577.10,1578.30,1576.30,1577.30,0.00
1782913440,1577.50,1578.90,1577.30,1578.60,0.00
1782913500,1578.20,1581.20,1576.60,1580.90,0.00
1782913560,1580.50,1584.70,1580.50,1584.40,0.00
1782913620,1584.90,1586.70,1583.90,1585.10,0.00
1782913680,1585.00,1591.30,1584.60,1587.90,0.00
1782913740,1587.60,1591.80,1586.00,1589.20,0.00
1782913800,1589.40,1590.20,1587.40,1588.90,0.01
1782913860,1588.80,1592.40,1588.60,1591.00,0.00
1782913920,1591.10,1592.60,1590.30,1592.60,0.00
1782913980,1592.50,1593.90,1589.90,1589.90,0.00
1782914040,1589.80,1590.60,1588.10,1590.10,0.00
1782914100,1590.60,1594.50,1589.50,1593.20,0.00
1782914160,1593.10,1593.30,1590.50,1591.40,0.00
1782914220,1591.70,1592.80,1590.30,1591.90,0.00
1782914280,1592.10,1592.80,1591.10,1592.10,0.00
1782914340,1592.00,1594.40,1591.10,1594.10,0.00
1782914400,1591.50,1594.10,1591.10,1591.70,0.00
1782914460,1591.60,1591.70,1588.00,1589.50,0.00
1782914520,1589.20,1589.90,1587.80,1588.40,0.00
1782914580,1589.10,1591.10,1588.90,1591.00,0.00
1782914640,1591.10,1591.80,1590.00,1590.40,0.00
1782914700,1589.90,1591.10,1588.10,1590.10,0.00
1782914760,1590.00,1590.40,1588.70,1590.20,0.00
1782914820,1590.30,1591.10,1589.00,1591.10,0.00
1782914880,1590.90,1592.70,1590.90,1591.60,0.00
1782914940,1592.30,1595.00,1591.90,1593.10,0.00
1782915000,1592.70,1601.70,1592.70,1600.00,0.00
1782915060,1599.50,1603.40,1599.50,1603.00,0.00
1782915120,1602.50,1604.30,1601.20,1603.80,0.00
1782915180,1603.90,1607.10,1603.00,1607.10,0.00
1782915240,1607.80,1610.00,1607.10,1609.70,0.00
1782915300,1609.90,1612.50,1607.90,1607.90,0.00
1782915360,1607.80,1610.20,1606.30,1609.30,0.00
1782915420,1609.20,1612.40,1608.90,1612.40,0.00
1782915480,1612.70,1613.30,1610.20,1611.00,0.00
1782915540,1611.40,1611.40,1608.90,1610.10,0.00
1782915600,1609.20,1612.90,1609.20,1610.00,0.00
1782915660,1609.90,1611.60,1608.60,1610.70,0.00
1782915720,1611.00,1611.00,1608.80,1608.80,0.00
1782915780,1608.90,1609.80,1608.80,1609.20,0.00
1782915840,1609.00,1609.20,1607.60,1608.40,0.00
1782915900,1608.20,1609.40,1606.80,1606.80,0.00
1782915960,1606.70,1607.00,1605.20,1605.20,0.00
1782916020,1605.00,1605.30,1602.20,1602.90,0.00
1782916080,1602.50,1602.60,1601.30,1602.00,0.00
1782916140,1602.20,1603.30,1601.90,1602.40,0.00
1782916200,1602.30,1603.90,1599.30,1599.50,0.00
1782916260,1600.00,1601.50,1599.90,1601.10,0.00
1782916320,1600.90,1601.40,1599.80,1600.20,0.00
1782916380,1599.90,1600.10,1595.00,1595.00,0.00
1782916440,1595.10,1597.60,1592.30,1596.90,0.00
1782916500,1595.90,1599.60,1594.90,1594.90,0.00
1782916560,1595.40,1596.20,1593.70,1596.20,0.00
1782916620,1596.50,1598.30,1595.50,1596.00,0.00
1782916680,1596.20,1598.40,1595.50,1597.40,0.00
1782916740,1597.50,1599.60,1597.10,1599.40,0.00
1782916800,1599.50,1599.90,1597.30,1598.30,0.00
1782916860,1598.00,1598.40,1596.70,1597.20,0.00
1782916920,1597.30,1598.30,1596.80,1597.40,0.00
1782916980,1597.50,1598.50,1597.50,1598.10,0.00
1782917040,1598.20,1598.70,1595.00,1595.60,0.00
1782917100,1595.50,1595.50,1592.40,1592.60,0.00
1782917160,1592.80,1593.00,1588.20,1590.60,0.00
1782917220,1590.70,1594.30,1590.70,1593.40,0.00
1782917280,1593.30,1596.60,1593.10,1596.30,0.00
1782917340,1596.20,1598.00,1595.70,1596.10,0.00
1782917400,1596.80,1597.20,1596.00,1596.70,0.00
1782917460,1597.10,1599.20,1597.00,1598.30,0.00
1782917520,1598.10,1598.10,1596.70,1597.70,0.00
1782917580,1597.80,1599.30,1597.80,1598.90,0.00
1782917640,1598.80,1599.00,1596.80,1597.20,0.00
1782917700,1597.30,1597.30,1594.60,1594.70,0.00
1782917760,1594.80,1597.70,1594.30,1597.70,0.00
1782917820,1597.60,1597.70,1596.50,1596.50,0.00
1782917880,1596.60,1596.60,1595.80,1596.00,0.00
1782917940,1596.10,1598.00,1596.00,1598.00,0.00
1782918000,1597.90,1599.20,1597.60,1598.70,0.00
1782918060,1598.60,1600.10,1598.10,1600.10,0.00
1782918120,1600.00,1604.60,1599.90,1604.30,0.00
1782918180,1604.10,1605.90,1603.90,1604.80,0.00
1782918240,1604.90,1605.80,1603.70,1605.70,0.00
1782918300,1605.60,1607.20,1604.60,1606.00,0.00
1782918360,1606.10,1612.00,1605.80,1612.00,0.00
1782918420,1612.10,1613.30,1610.70,1611.10,0.00
1782918480,1611.00,1611.00,1605.70,1606.60,0.00
1782918540,1606.70,1607.20,1605.60,1606.20,0.00
1782918600,1606.30,1607.70,1605.70,1607.70,0.00
1782918660,1608.00,1608.30,1606.70,1607.60,0.00
1782918720,1607.20,1608.80,1606.20,1608.40,0.00
1782918780,1608.30,1609.00,1607.90,1608.80,0.00
1782918840,1608.90,1609.90,1607.80,1608.40,0.00
1782918900,1608.50,1609.10,1607.40,1607.70,0.00
1782918960,1607.90,1608.40,1606.20,1606.40,0.00
1782919020,1606.30,1606.60,1605.60,1605.90,0.00
1782919080,1606.10,1606.30,1605.20,1606.10,0.00
1782919140,1606.40,1606.90,1605.80,1606.40,0.00
1782919200,1606.50,1609.70,1606.50,1608.90,0.00
1782919260,1608.80,1612.10,1608.80,1610.70,0.00
1782919320,1610.50,1612.80,1609.70,1612.40,0.00
1782919380,1612.30,1626.30,1610.30,1626.30,0.00
1782919440,1626.50,1627.90,1624.30,1624.90,0.00
1782919500,1625.30,1626.80,1620.90,1622.70,0.00
1782919560,1622.60,1622.90,1620.50,1622.10,0.00
1782919620,1622.40,1624.50,1621.70,1621.70,0.00
1782919680,1621.50,1622.00,1620.40,1620.50,0.00
1782919740,1620.60,1621.10,1620.10,1620.60,0.00
1782919800,1621.40,1622.70,1620.50,1622.60,0.00
1782919860,1622.40,1623.90,1621.40,1623.80,0.00
1782919920,1623.70,1623.80,1619.30,1619.70,0.00
1782919980,1619.60,1620.50,1619.00,1620.40,0.00
1782920040,1620.20,1620.60,1619.20,1619.50,0.00
1782920100,1619.40,1620.50,1618.70,1618.70,0.00
1782920160,1618.80,1620.40,1618.30,1620.30,0.00
1782920220,1620.20,1620.40,1617.80,1618.00,0.00
1782920280,1617.90,1618.60,1617.00,1617.30,0.00
1782920340,1617.60,1618.80,1617.60,1618.10,0.00
1782920400,1618.40,1618.70,1617.80,1618.60,0.00
1782920460,1618.70,1620.00,1618.00,1619.60,0.00
1782920520,1619.80,1620.10,1619.20,1619.90,0.00
1782920580,1620.00,1620.40,1619.40,1619.60,0.00
1782920640,1619.50,1619.80,1619.20,1619.50,0.00
1782920700,1619.40,1620.00,1618.60,1618.70,0.00
1782920760,1618.80,1619.00,1618.00,1618.00,0.00
1782920820,1618.10,1620.00,1618.10,1619.80,0.00
1782920880,1619.90,1620.00,1617.90,1618.20,0.00
1782920940,1618.00,1618.00,1616.20,1616.50,0.00
1782921000,1616.40,1617.30,1615.20,1615.30,0.00
1782921060,1615.20,1616.00,1614.30,1614.50,0.00
1782921120,1614.60,1615.50,1614.40,1615.20,0.00
1782921180,1615.30,1617.20,1614.90,1616.20,0.00
1782921240,1616.10,1616.20,1614.40,1615.00,0.00
1782921300,1615.10,1616.00,1615.10,1615.70,0.00
1782921360,1615.90,1616.30,1615.70,1616.20,0.00
1782921420,1616.40,1616.90,1616.40,1616.80,0.00
1782921480,1616.70,1617.10,1616.70,1617.00,0.00
1782921540,1617.20,1618.10,1616.80,1617.00,0.00